group_name,group_page,telegram_link,category
1XBET PROMO CODE: 1XWELCOME,https://telegramchannels.me/groups/promo1xbetcode,https://t.me/promo1xbetcode,betting
1xbet booking code,https://telegramchannels.me/groups/bookingcode1xbet,https://t.me/bookingcode1xbet,betting
Wall Street Bets Pump,https://telegramchannels.me/groups/street_wall_bets,https://t.me/street_wall_bets,betting
Fixed matches group,https://telegramchannels.me/groups/fixed_matches_group,https://t.me/fixed_matches_group,betting
Free 1xbet fixed matches,https://telegramchannels.me/groups/free1xbetfixedmatches,https://t.me/free1xbetfixedmatches,betting
Fixed matches groups,https://telegramchannels.me/groups/fixedmatchesgroups,https://t.me/fixedmatchesgroups,betting
1XBET BETTING COMPANY,https://telegramchannels.me/groups/bet11xbet55,https://t.me/bet11xbet55,betting
IBettingTeam,https://telegramchannels.me/groups/ibettingteam,https://t.me/ibettingteam,betting
Free 1xbet games,https://telegramchannels.me/groups/free1xbetgames,https://t.me/free1xbetgames,betting
1xbet free sure games,https://telegramchannels.me/groups/bettingsure100,https://t.me/bettingsure100,betting
Booking code 1xbet,https://telegramchannels.me/groups/booking_code_1xbet,https://t.me/booking_code_1xbet,betting
iSHAAN BHAi BOOK,https://telegramchannels.me/groups/ishaanbhai,https://t.me/ishaanbhai,betting
TOP TIPS CHAT,https://telegramchannels.me/groups/top_tips_chat,https://t.me/top_tips_chat,betting
Pay after winning,https://telegramchannels.me/groups/pay_after_winning2,https://t.me/pay_after_winning2,betting
Football Betting Tips DAILY,https://telegramchannels.me/groups/bettingtipsdaybyday,https://t.me/bettingtipsdaybyday,betting
TREASUREBETS,https://telegramchannels.me/groups/treasurebets,https://t.me/treasurebets,betting
GODS OF ODDS,https://telegramchannels.me/groups/godsofoddss,https://t.me/godsofoddss,betting
MightyTips Chat,https://telegramchannels.me/groups/mightytipschat,https://t.me/mightytipschat,betting
Bet365 Fixed Matches,https://telegramchannels.me/groups/fixedmatcheseuro0,https://t.me/fixedmatcheseuro0,betting
Free Fixed match detection,https://telegramchannels.me/groups/fixedmatchdetection,https://t.me/fixedmatchdetection,betting
WEST COAST PICKS,https://telegramchannels.me/groups/bettingmlb,https://t.me/bettingmlb,betting
MoonClub.com,https://telegramchannels.me/groups/moonclubcom_official,https://t.me/moonclubcom_official,betting
1XBET BET EMPIRE,https://telegramchannels.me/groups/xbetempire,https://t.me/xbetempire,betting
IPL GURU,https://telegramchannels.me/groups/sattakingmae,https://t.me/sattakingmae,betting
Betting discussions,https://telegramchannels.me/groups/bettingdiscussion,https://t.me/bettingdiscussion,betting
sportybet winning odds,https://telegramchannels.me/groups/sportybetwinning1,https://t.me/sportybetwinning1,betting
"Futures Signal, Trading Expert Connect group",https://telegramchannels.me/groups/futuressignaslconnect,https://t.me/futuressignaslconnect,betting
myBetting - Free Betting Tips,https://telegramchannels.me/groups/mybettingapp,https://t.me/mybettingapp,betting
sportybet sure games,https://telegramchannels.me/groups/sportybetsuregame3,https://t.me/sportybetsuregame3,betting
DORIS MALL PREDICTION,https://telegramchannels.me/groups/dorismallpredictionn,https://t.me/dorismallpredictionn,betting
