username,user_id,name
fesef54,8021228205,Rhonda Larsen
sazonov_mishaaa,7604057411,Миша
MissRose_bot,609517172,Rose
CryptoOfficialCEO,6636202972,Crypto Official 420🇧🇩
AirdropKing_Founder,1320151433,Airdrop King News 🤴🏼
Moriss999,582829022,4 KEY
LauraCarr689,7868944684,Laura
Ocoy25,8507496018,Ocoy
gemgy7,7612505726,•
Fabiomasciangelo5,6806292567,FabioMasciangelo
RanierLR,1091115850,RanierLR
AirdropKingMG,1414729148,Airdrop King News
Daynamic75,7890212401,Sameyoul Islam
Rdrobi,6928266066,Rony
sohelrana3989,8431066599,SR
nobita1240,8182412574,Airdrop
Mdmujahidulislam789,6606633201,Md Mujahidul
ahwi15,7663618056,是表哥吗
jalantikuss,7687776137,Jallan tikus
Mehedihasan121,1429171960,Mehedi Hasan
Badoltcg,6931304631,Ronojoy
Rahan1972,7753683939,Asraful Islan Rahan
Muhammad788l78,6948873254,Muhammad
Jannatkhatun47,8253415902,Jannat
Jekh294,6986025615,Jekhson
Lm10siu07,6645676246,Ismail Hossain
Shuvodip13,6309984879,Shû
Promichy1,7869838190,Promi💲BLM
NasirkjKhan3,1994321004,Nasir
OfficialAirdropper,7363902849,Airdropper
AirdropKing_News,1209429734,
asif307090,5939594221,ASIF
SagorBKR,5423278139,Sagor
Dmitry_0837,7888856893,Дмитрий
Sehersm,8200531675,Sehersm
rajuahamed0009,5446429673,RAJU
Just_in_roy303,1246514835,Just in
krking366,7212154048,king
Bachitu,5823194719,Md
Shohaowsjjs,7474067242,Shohan
marufprime_x,8210678378,Ｍʌ ʀʋʆ
Munni_akter78,8510584346,Munni
habibauu09,8348543582,Habiba Akter
CRYPTOBILAL78,5230736889,@CRYPTOBILAL
mdraj122,7529722278,MD
Niavo1234,7275507457,Faly
sshA865i,6449361742,Ssh
AlexNeverDM,5793125016,Alex
Danison41,8204246270,Daniel12
Tommyjat,839745303,🎃TommyBiG4L
Evelyn6859,7192328578,Evelyn
qwertyui333399,7892657635,Amelia
KhaLed_crypto,5444929326,Khaled.eth
Jamila0028,7344899007,Jamila
NataliaKatarzyna,5097058756,Natalia Katarzyna
Julianftx,1779724546,J Xav
wzcelsk,1597736043,Excell Siauw
Funsazruok,2057658389,Ruok
Levws,5246792509,N BN
Alsalim0,8345332210,Lina
Rysiu_Wielki,6912076751,Ryszard Bitcoin
by_nekaa,6797341194,barineka
Brad_ARI10,830113591,Brad
Yamun_asl183,5625162517,Y Jomer
R2J_R2J,1759987247,R2J | WILL NEVER DM FIRST
drop_channelX,1571224304,
Xiomay123,5437573883,Tolak Angin
alaminah,1105314085,Alamin
Nirobkhan03vangagp,8128957683,Nirob
JD_Ahmed,911481365,彡[𝐉𝐚𝐯𝐞𝐝 𝐀𝐡𝐦𝐞𝐝]彡
BrinaStrat,8089578367,Sabrina
jisantips,5333393475,Jisan
langtusg1983,1688403245,🆔 NHK
FreeBind,5159663126,Rana
Oneselfs,778006655,🏋️WOW
anchau,1782444174,Koloscore
ma45_hrr,7749095501,Маша HR
airdropcatalog,1777892077,
JerryBros,8386272769,Виталинка
VictoriaSlavuta,7437590091,Viktoria
My_self_ardn,1213264820,ARDN️
biopicbro,1395230724,
zeroo_0o,1117703247,Zero
CryptoTradingStock,1926110457,Patrick
Longming2,1656969547,@longming
CEEPEESINGH,1173578341,$X
rizcha96,1605861812,Riz
aasu36,7252374121,Aasu
Md_mht,5256154104,MD
mandateusdt,6376778835,Anthony
Vaibhavsinghcryp,5267560027,Vaibhav
Timoteo1981,6495421566,A
Lidiyaberyy,7597535392,Lidiya
Kashim326,6347495960,Hamish
void2w,8346956513,Dmitry
Moxxyboy,8594488599,🗣M☯xx¥♭☯¥👥️️
newsingh132,7486425237,New
combot,210944655,Combot
sky_line_89,8435777934,Sky
Jxt_xace,5337973483,Xace
M3VYYY,6065576185,MEVY
Lutuffyartist1,8264316450,Al luttuffy
HudsonMKT,5916937206,𝙃𝙪𝙙𝙨𝙤𝙣
emphresh,1002997412,Phresh💲
OG_lookf,1538188702,👀
Muhammad_onchain,2083523208,Ar-rauf
omidjawan1,172894939,Hamed
Roheematcreative,7428188754,Roheemat
Joshua_Biconomy,7810528208,Joshua Biconomy Listing
JobOnchain,8192588721,Job
Ytpromo11,6319309051,Techical Ahmad Khan
Sarahcutt,6034365138,Sarah
azeematcrrative11,7869053124,Azeemat
SK_ART1,6498598569,SK
sanoii56,7730113998,Sanoii
hazmatity,2115696245,Hazardus
CalsiBot,259643624,Calsi Bot 🔱 @CalsiBotDev
SoNan33,1724915912,So Nan
EyloPump,1777522221,Eylo OLD TG BUYER
LazyListening,1942696095,Lazy
cbeard110,5528729403,shaa
pologx345,7417469860,Polo G
Khoirulanwar_99,5074051929,Khoirul
SaikYahia,1861523456,Yahia
giftie_k,5651160549,Gifty_K 🖤
tot_d_king,2049209126,tot_d_king
catizenbot,7147122669,Catizen
smogvee,5766505397,Ap3x
spell_wallet_bot,6784664471,Spell Wallet
jamesblueko,5258675803,James
soheilarmankhah,86844676,.
Natalie4996,7953735556,Tainá
Alolfi,1022947990,Esmail
N2352131,7844755346,N
Folafancy,2026615364,fola-fancy collection
tugarin1,1696645510,Александр
Bernicf,1519631561,Ber
Elgallito18,1966523582,Ronaldo S.
RafaelBea,1839203240,Rafael
usdt_on_tron,1611736192,
My_delim,6968482533,My delim
jame500wowza,5805150608,P
weirdnerd,7313603213,Weird
gamee,280713127,Gamee
Airdropking068,1571894974,
